tag-id,animal-id,animal-taxon,deploy-on-date,deploy-off-date,animal-life-stage,animal-sex,animal-taxon-detail,attachment-type,deployment-id,manipulation-type,study-site
4049,4049,Cervus elaphus,2001-12-13 07:01:00.000,,adult,f,ssp. canadensis,collar,4049,none,"Banff National Park, Canada"
GR182,GR182,Cervus elaphus,2002-04-05 07:01:00.000,,adult,f,ssp. canadensis,collar,GR182,none,"Banff National Park, Canada"
GR196,GR196,Cervus elaphus,2002-04-05 23:00:00.000,,adult,f,ssp. canadensis,collar,GR196,none,"Banff National Park, Canada"
GR193,GR193,Cervus elaphus,2002-04-05 23:01:00.000,,adult,f,ssp. canadensis,collar,GR193,none,"Banff National Park, Canada"
GP2,GP2,Cervus elaphus,2003-02-14 05:00:00.000,,adult,f,ssp. canadensis,collar,GP2,none,"Banff National Park, Canada"
YL5,YL5,Cervus elaphus,2003-02-14 05:00:00.000,,adult,f,ssp. canadensis,collar,YL5,none,"Banff National Park, Canada"
YL42,YL42,Cervus elaphus,2003-02-14 22:28:00.000,,adult,f,ssp. canadensis,collar,YL42,none,"Banff National Park, Canada"
YL15,YL15,Cervus elaphus,2003-02-16 13:00:00.000,,adult,f,ssp. canadensis,collar,YL15,none,"Banff National Park, Canada"
YL25,YL25,Cervus elaphus,2003-03-03 22:06:00.000,,adult,f,ssp. canadensis,collar,YL25,none,"Banff National Park, Canada"
YL29,YL29,Cervus elaphus,2003-03-03 22:09:00.000,,adult,f,ssp. canadensis,collar,YL29,none,"Banff National Park, Canada"
YL57,YL57,Cervus elaphus,2003-03-15 01:00:00.000,,adult,f,ssp. canadensis,collar,YL57,none,"Banff National Park, Canada"
YL1,YL1,Cervus elaphus,2003-03-25 19:01:00.000,,adult,f,ssp. canadensis,collar,YL1,none,"Banff National Park, Canada"
YL56,YL56,Cervus elaphus,2004-02-05 06:28:00.000,,adult,f,ssp. canadensis,collar,YL56,none,"Banff National Park, Canada"
YL59,YL59,Cervus elaphus,2004-02-05 19:02:00.000,,adult,f,ssp. canadensis,collar,YL59,none,"Banff National Park, Canada"
YL64,YL64,Cervus elaphus,2004-02-05 21:00:00.000,,adult,f,ssp. canadensis,collar,YL64,none,"Banff National Park, Canada"
YL58,YL58,Cervus elaphus,2004-02-05 23:00:00.000,,adult,f,ssp. canadensis,collar,YL58,none,"Banff National Park, Canada"
YL72,YL72,Cervus elaphus,2004-02-06 19:01:00.000,,adult,f,ssp. canadensis,collar,YL72,none,"Banff National Park, Canada"
YL80,YL80,Cervus elaphus,2004-02-19 04:00:00.000,,adult,f,ssp. canadensis,collar,YL80,none,"Banff National Park, Canada"
YL86,YL86,Cervus elaphus,2004-02-19 17:00:00.000,,adult,f,ssp. canadensis,collar,YL86,none,"Banff National Park, Canada"
YL78,YL78,Cervus elaphus,2004-02-19 19:00:00.000,,adult,f,ssp. canadensis,collar,YL78,none,"Banff National Park, Canada"
YL79,YL79,Cervus elaphus,2004-02-19 21:01:00.000,,adult,f,ssp. canadensis,collar,YL79,none,"Banff National Park, Canada"
YL74,YL74,Cervus elaphus,2004-02-19 21:01:00.000,,adult,f,ssp. canadensis,collar,YL74,none,"Banff National Park, Canada"
YL73,YL73,Cervus elaphus,2004-02-20 00:02:00.000,,adult,f,ssp. canadensis,collar,YL73,none,"Banff National Park, Canada"
YL77,YL77,Cervus elaphus,2004-02-21 11:00:00.000,,adult,f,ssp. canadensis,collar,YL77,none,"Banff National Park, Canada"
YL90,YL90,Cervus elaphus,2004-03-21 05:43:00.000,,adult,f,ssp. canadensis,collar,YL90,none,"Banff National Park, Canada"
YL96,YL96,Cervus elaphus,2004-03-29 17:00:00.000,,adult,f,ssp. canadensis,collar,YL96,none,"Banff National Park, Canada"
GR104,GR104,Cervus elaphus,2004-03-29 19:00:00.000,,adult,f,ssp. canadensis,collar,GR104,none,"Banff National Park, Canada"
YL93,YL93,Cervus elaphus,2004-03-29 19:00:00.000,,adult,f,ssp. canadensis,collar,YL93,none,"Banff National Park, Canada"
YL94,YL94,Cervus elaphus,2004-03-29 21:02:00.000,,adult,f,ssp. canadensis,collar,YL94,none,"Banff National Park, Canada"
YL92,YL92,Cervus elaphus,2004-03-29 21:02:00.000,,adult,f,ssp. canadensis,collar,YL92,none,"Banff National Park, Canada"
YL91,YL91,Cervus elaphus,2004-03-29 23:00:00.000,,adult,f,ssp. canadensis,collar,YL91,none,"Banff National Park, Canada"
YL28,YL28,Cervus elaphus,2005-03-08 15:05:00.000,,adult,f,ssp. canadensis,collar,YL28,none,"Banff National Park, Canada"
GR154,GR154,Cervus elaphus,2005-03-21 14:43:00.000,,adult,f,ssp. canadensis,collar,GR154,none,"Banff National Park, Canada"
GR159,GR159,Cervus elaphus,2005-03-27 16:33:00.000,,adult,f,ssp. canadensis,collar,GR159,none,"Banff National Park, Canada"
YL89,YL89,Cervus elaphus,2005-03-27 17:43:00.000,,adult,f,ssp. canadensis,collar,YL89,none,"Banff National Park, Canada"
YL47,YL47,Cervus elaphus,2005-03-27 18:12:00.000,,adult,f,ssp. canadensis,collar,YL47,none,"Banff National Park, Canada"
GR99,GR99,Cervus elaphus,2005-04-01 01:00:00.000,,adult,f,ssp. canadensis,collar,GR99,none,"Banff National Park, Canada"
GR100,GR100,Cervus elaphus,2005-04-01 07:01:00.000,,adult,f,ssp. canadensis,collar,GR100,none,"Banff National Park, Canada"
GR150,GR150,Cervus elaphus,2005-05-02 19:02:00.000,,adult,f,ssp. canadensis,collar,GR150,none,"Banff National Park, Canada"
GR169,GR169,Cervus elaphus,2006-03-01 03:01:00.000,,adult,f,ssp. canadensis,collar,GR169,none,"Banff National Park, Canada"
GR122,GR122,Cervus elaphus,2006-03-06 16:22:00.000,,adult,f,ssp. canadensis,collar,GR122,none,"Banff National Park, Canada"
YL30,YL30,Cervus elaphus,2006-03-17 18:23:00.000,,adult,f,ssp. canadensis,collar,YL30,none,"Banff National Park, Canada"
GR133,GR133,Cervus elaphus,2006-03-17 18:26:00.000,,adult,f,ssp. canadensis,collar,GR133,none,"Banff National Park, Canada"
YL41,YL41,Cervus elaphus,2006-03-17 19:07:00.000,,adult,f,ssp. canadensis,collar,YL41,none,"Banff National Park, Canada"
YL3,YL3,Cervus elaphus,2006-03-17 19:13:00.000,,adult,f,ssp. canadensis,collar,YL3,none,"Banff National Park, Canada"
YL4,YL4,Cervus elaphus,2006-03-17 19:50:00.000,,adult,f,ssp. canadensis,collar,YL4,none,"Banff National Park, Canada"
GR172,GR172,Cervus elaphus,2006-03-17 21:10:00.000,,adult,f,ssp. canadensis,collar,GR172,none,"Banff National Park, Canada"
YL26,YL26,Cervus elaphus,2007-03-13 19:20:00.000,,adult,f,ssp. canadensis,collar,YL26,none,"Banff National Park, Canada"
YL61,YL61,Cervus elaphus,2007-03-13 20:24:00.000,,adult,f,ssp. canadensis,collar,YL61,none,"Banff National Park, Canada"
YL151_YL87,YL151_YL87,Cervus elaphus,2007-03-14 19:50:00.000,,adult,f,ssp. canadensis,collar,YL151_YL87,none,"Banff National Park, Canada"
BL224,BL224,Cervus elaphus,2009-03-19 17:00:00.000,,adult,f,ssp. canadensis,collar,BL224,none,"Banff National Park, Canada"
BL252,BL252,Cervus elaphus,2009-03-19 17:01:00.000,,adult,f,ssp. canadensis,collar,BL252,none,"Banff National Park, Canada"
YL135_BL222,YL135_BL222,Cervus elaphus,2009-03-19 23:00:00.000,,adult,f,ssp. canadensis,collar,YL135_BL222,none,"Banff National Park, Canada"
OR59_BL259,OR59_BL259,Cervus elaphus,2009-03-31 01:00:00.000,,adult,f,ssp. canadensis,collar,OR59_BL259,none,"Banff National Park, Canada"
YL140_BL257,YL140_BL257,Cervus elaphus,2009-04-01 01:01:00.000,,adult,f,ssp. canadensis,collar,YL140_BL257,none,"Banff National Park, Canada"
BL215,BL215,Cervus elaphus,2009-04-01 01:01:00.000,,adult,f,ssp. canadensis,collar,BL215,none,"Banff National Park, Canada"
YL119_BL245,YL119_BL245,Cervus elaphus,2010-03-18 17:50:00.000,,adult,f,ssp. canadensis,collar,YL119_BL245,none,"Banff National Park, Canada"
YL121_BL250,YL121_BL250,Cervus elaphus,2010-03-18 19:41:00.000,,adult,f,ssp. canadensis,collar,YL121_BL250,none,"Banff National Park, Canada"
BL269,BL269,Cervus elaphus,2010-03-19 00:07:00.000,,adult,f,ssp. canadensis,collar,BL269,none,"Banff National Park, Canada"
OR54_BL260,OR54_BL260,Cervus elaphus,2010-03-19 01:01:00.000,,adult,f,ssp. canadensis,collar,OR54_BL260,none,"Banff National Park, Canada"
YL164_BL255,YL164_BL255,Cervus elaphus,2010-03-19 01:01:00.000,,adult,f,ssp. canadensis,collar,YL164_BL255,none,"Banff National Park, Canada"
BL234,BL234,Cervus elaphus,2010-03-19 01:57:00.000,,adult,f,ssp. canadensis,collar,BL234,none,"Banff National Park, Canada"
BL201,BL201,Cervus elaphus,2010-03-19 02:05:00.000,,adult,f,ssp. canadensis,collar,BL201,none,"Banff National Park, Canada"
YL130_OR9,YL130_OR9,Cervus elaphus,2010-03-19 02:47:00.000,,adult,f,ssp. canadensis,collar,YL130_OR9,none,"Banff National Park, Canada"
OR78,OR78,Cervus elaphus,2013-02-18 03:00:00.000,,adult,f,ssp. canadensis,collar,OR78,none,"Banff National Park, Canada"
OR77,OR77,Cervus elaphus,2013-02-19 00:00:00.000,,adult,f,ssp. canadensis,collar,OR77,none,"Banff National Park, Canada"
OR81,OR81,Cervus elaphus,2013-02-19 01:00:00.000,,adult,f,ssp. canadensis,collar,OR81,none,"Banff National Park, Canada"
OR80,OR80,Cervus elaphus,2013-02-19 01:01:00.000,,adult,f,ssp. canadensis,collar,OR80,none,"Banff National Park, Canada"
OR79,OR79,Cervus elaphus,2013-02-19 01:01:00.000,,adult,f,ssp. canadensis,collar,OR79,none,"Banff National Park, Canada"
OR84,OR84,Cervus elaphus,2013-03-03 01:01:00.000,,adult,f,ssp. canadensis,collar,OR84,none,"Banff National Park, Canada"
YL116_OR83,YL116_OR83,Cervus elaphus,2013-03-03 05:00:00.000,,adult,f,ssp. canadensis,collar,YL116_OR83,none,"Banff National Park, Canada"
OR85,OR85,Cervus elaphus,2013-03-05 01:01:00.000,,adult,f,ssp. canadensis,collar,OR85,none,"Banff National Park, Canada"
YL133_OR87,YL133_OR87,Cervus elaphus,2013-03-05 02:15:00.000,,adult,f,ssp. canadensis,collar,YL133_OR87,none,"Banff National Park, Canada"
OR89,OR89,Cervus elaphus,2013-03-05 21:00:00.000,,adult,f,ssp. canadensis,collar,OR89,none,"Banff National Park, Canada"
OR88,OR88,Cervus elaphus,2013-03-06 01:00:00.000,,adult,f,ssp. canadensis,collar,OR88,none,"Banff National Park, Canada"
OR90,OR90,Cervus elaphus,2013-03-06 05:02:00.000,,adult,f,ssp. canadensis,collar,OR90,none,"Banff National Park, Canada"
OR92,OR92,Cervus elaphus,2013-03-07 08:01:00.000,,adult,f,ssp. canadensis,collar,OR92,none,"Banff National Park, Canada"
OR94,OR94,Cervus elaphus,2013-03-08 01:01:00.000,,adult,f,ssp. canadensis,collar,OR94,none,"Banff National Park, Canada"
OR93,OR93,Cervus elaphus,2013-03-08 04:00:00.000,,adult,f,ssp. canadensis,collar,OR93,none,"Banff National Park, Canada"
OR99,OR99,Cervus elaphus,2013-03-22 15:06:00.000,,adult,f,ssp. canadensis,collar,OR99,none,"Banff National Park, Canada"
OR41,OR41,Cervus elaphus,2013-03-22 23:00:00.000,,adult,f,ssp. canadensis,collar,OR41,none,"Banff National Park, Canada"
OR98,OR98,Cervus elaphus,2013-03-23 08:00:00.000,,adult,f,ssp. canadensis,collar,OR98,none,"Banff National Park, Canada"
OR97,OR97,Cervus elaphus,2013-03-23 08:00:00.000,,adult,f,ssp. canadensis,collar,OR97,none,"Banff National Park, Canada"
OR100,OR100,Cervus elaphus,2013-03-24 06:01:00.000,,adult,f,ssp. canadensis,collar,OR100,none,"Banff National Park, Canada"
YL115_OR34,YL115_OR34,Cervus elaphus,2014-02-23 01:01:00.000,,adult,f,ssp. canadensis,collar,YL115_OR34,none,"Banff National Park, Canada"
OR39,OR39,Cervus elaphus,2014-02-26 01:00:00.000,,adult,f,ssp. canadensis,collar,OR39,none,"Banff National Park, Canada"
OR40,OR40,Cervus elaphus,2014-02-27 01:00:00.000,,adult,f,ssp. canadensis,collar,OR40,none,"Banff National Park, Canada"
YL114_BL274,YL114_BL274,Cervus elaphus,2014-02-28 01:00:00.000,,adult,f,ssp. canadensis,collar,YL114_BL274,none,"Banff National Park, Canada"
OR23,OR23,Cervus elaphus,2014-02-28 01:01:00.000,,adult,f,ssp. canadensis,collar,OR23,none,"Banff National Park, Canada"
YL160_OR12,YL160_OR12,Cervus elaphus,2014-03-04 01:00:00.000,,adult,f,ssp. canadensis,collar,YL160_OR12,none,"Banff National Park, Canada"
YL100,YL100,Cervus elaphus,2014-03-04 01:01:00.000,,adult,f,ssp. canadensis,collar,YL100,none,"Banff National Park, Canada"
YL101,YL101,Cervus elaphus,2014-03-04 19:01:00.000,,adult,f,ssp. canadensis,collar,YL101,none,"Banff National Park, Canada"
OR55_OR15,OR55_OR15,Cervus elaphus,2014-03-05 01:00:00.000,,adult,f,ssp. canadensis,collar,OR55_OR15,none,"Banff National Park, Canada"
YL123_OR7,YL123_OR7,Cervus elaphus,2014-03-05 01:00:00.000,,adult,f,ssp. canadensis,collar,YL123_OR7,none,"Banff National Park, Canada"
YL138_BL295,YL138_BL295,Cervus elaphus,2014-03-06 01:00:00.000,,adult,f,ssp. canadensis,collar,YL138_BL295,none,"Banff National Park, Canada"
YL136_BL284,YL136_BL284,Cervus elaphus,2014-03-07 01:01:00.000,,adult,f,ssp. canadensis,collar,YL136_BL284,none,"Banff National Park, Canada"
YL109_OR35,YL109_OR35,Cervus elaphus,2014-03-07 03:00:00.000,,adult,f,ssp. canadensis,collar,YL109_OR35,none,"Banff National Park, Canada"
YL157_OR37,YL157_OR37,Cervus elaphus,2014-03-12 22:02:00.000,,adult,f,ssp. canadensis,collar,YL157_OR37,none,"Banff National Park, Canada"
YL111_OR6,YL111_OR6,Cervus elaphus,2014-03-13 00:01:00.000,,adult,f,ssp. canadensis,collar,YL111_OR6,none,"Banff National Park, Canada"
YL106,YL106,Cervus elaphus,2014-03-14 00:01:00.000,,adult,f,ssp. canadensis,collar,YL106,none,"Banff National Park, Canada"
YL107,YL107,Cervus elaphus,2014-03-14 00:03:00.000,,adult,f,ssp. canadensis,collar,YL107,none,"Banff National Park, Canada"
YL167_OR10,YL167_OR10,Cervus elaphus,2014-03-18 19:01:00.000,,adult,f,ssp. canadensis,collar,YL167_OR10,none,"Banff National Park, Canada"
YL132_OR2,YL132_OR2,Cervus elaphus,2014-03-31 00:00:00.000,,adult,f,ssp. canadensis,collar,YL132_OR2,none,"Banff National Park, Canada"
YL110_OR29,YL110_OR29,Cervus elaphus,2015-02-11 01:02:00.000,,adult,f,ssp. canadensis,collar,YL110_OR29,none,"Banff National Park, Canada"
YL112_OR38,YL112_OR38,Cervus elaphus,2015-02-11 17:00:00.000,,adult,f,ssp. canadensis,collar,YL112_OR38,none,"Banff National Park, Canada"
YL118_OR8,YL118_OR8,Cervus elaphus,2015-02-13 21:03:00.000,,adult,f,ssp. canadensis,collar,YL118_OR8,none,"Banff National Park, Canada"
YL120_BL290,YL120_BL290,Cervus elaphus,2015-02-14 01:01:00.000,,adult,f,ssp. canadensis,collar,YL120_BL290,none,"Banff National Park, Canada"
YL124,YL124,Cervus elaphus,2015-02-15 01:00:00.000,,adult,f,ssp. canadensis,collar,YL124,none,"Banff National Park, Canada"
OR82,OR82,Cervus elaphus,2015-02-16 01:02:00.000,,adult,f,ssp. canadensis,collar,OR82,none,"Banff National Park, Canada"
YL134_BL262,YL134_BL262,Cervus elaphus,2015-02-18 01:00:00.000,,adult,f,ssp. canadensis,collar,YL134_BL262,none,"Banff National Park, Canada"
YL139_BL220,YL139_BL220,Cervus elaphus,2015-02-19 01:00:00.000,,adult,f,ssp. canadensis,collar,YL139_BL220,none,"Banff National Park, Canada"
OR53_OR22,OR53_OR22,Cervus elaphus,2015-02-26 19:01:00.000,,adult,f,ssp. canadensis,collar,OR53_OR22,none,"Banff National Park, Canada"
GR513,GR513,Cervus elaphus,2015-02-28 01:00:00.000,,adult,f,ssp. canadensis,collar,GR513,none,"Banff National Park, Canada"
OR56_BL251,OR56_BL251,Cervus elaphus,2015-03-02 01:01:00.000,,adult,f,ssp. canadensis,collar,OR56_BL251,none,"Banff National Park, Canada"
OR60_BL288,OR60_BL288,Cervus elaphus,2015-03-06 01:01:00.000,,adult,f,ssp. canadensis,collar,OR60_BL288,none,"Banff National Park, Canada"
OR65_BL265,OR65_BL265,Cervus elaphus,2015-03-07 17:01:00.000,,adult,f,ssp. canadensis,collar,OR65_BL265,none,"Banff National Park, Canada"
YL154,YL154,Cervus elaphus,2016-02-13 01:00:00.000,,adult,f,ssp. canadensis,collar,YL154,none,"Banff National Park, Canada"
YL152_YL63,YL152_YL63,Cervus elaphus,2016-02-13 01:01:00.000,,adult,f,ssp. canadensis,collar,YL152_YL63,none,"Banff National Park, Canada"
YL153,YL153,Cervus elaphus,2016-02-13 01:01:00.000,,adult,f,ssp. canadensis,collar,YL153,none,"Banff National Park, Canada"
YL155_OR16,YL155_OR16,Cervus elaphus,2016-02-14 01:00:00.000,,adult,f,ssp. canadensis,collar,YL155_OR16,none,"Banff National Park, Canada"
YL158_OR21,YL158_OR21,Cervus elaphus,2016-02-15 01:01:00.000,,adult,f,ssp. canadensis,collar,YL158_OR21,none,"Banff National Park, Canada"
YL156,YL156,Cervus elaphus,2016-02-15 01:01:00.000,,adult,f,ssp. canadensis,collar,YL156,none,"Banff National Park, Canada"
YL162_BC13,YL162_BC13,Cervus elaphus,2016-02-17 01:00:00.000,,adult,f,ssp. canadensis,collar,YL162_BC13,none,"Banff National Park, Canada"
YL161,YL161,Cervus elaphus,2016-02-17 01:00:00.000,,adult,f,ssp. canadensis,collar,YL161,none,"Banff National Park, Canada"
YL159,YL159,Cervus elaphus,2016-02-17 01:00:00.000,,adult,f,ssp. canadensis,collar,YL159,none,"Banff National Park, Canada"
YL163,YL163,Cervus elaphus,2016-02-18 01:00:00.000,,adult,f,ssp. canadensis,collar,YL163,none,"Banff National Park, Canada"
OR61,OR61,Cervus elaphus,2016-02-19 21:01:00.000,,adult,f,ssp. canadensis,collar,OR61,none,"Banff National Park, Canada"
YL166,YL166,Cervus elaphus,2016-02-22 01:00:00.000,,adult,f,ssp. canadensis,collar,YL166,none,"Banff National Park, Canada"
YL137_BE13,YL137_BE13,Cervus elaphus,2016-02-22 17:02:00.000,,adult,f,ssp. canadensis,collar,YL137_BE13,none,"Banff National Park, Canada"
OR52_OR28,OR52_OR28,Cervus elaphus,2016-02-22 17:02:00.000,,adult,f,ssp. canadensis,collar,OR52_OR28,none,"Banff National Park, Canada"
YL168,YL168,Cervus elaphus,2016-02-23 01:00:00.000,,adult,f,ssp. canadensis,collar,YL168,none,"Banff National Park, Canada"
OR66_BL293,OR66_BL293,Cervus elaphus,2016-02-27 01:00:00.000,,adult,f,ssp. canadensis,collar,OR66_BL293,none,"Banff National Park, Canada"
YL169,YL169,Cervus elaphus,2016-02-27 01:00:00.000,,adult,f,ssp. canadensis,collar,YL169,none,"Banff National Park, Canada"
YL170,YL170,Cervus elaphus,2016-02-27 01:00:00.000,,adult,f,ssp. canadensis,collar,YL170,none,"Banff National Park, Canada"
YL171,YL171,Cervus elaphus,2016-02-28 01:00:00.000,,adult,f,ssp. canadensis,collar,YL171,none,"Banff National Park, Canada"
YL172,YL172,Cervus elaphus,2016-02-28 01:00:00.000,,adult,f,ssp. canadensis,collar,YL172,none,"Banff National Park, Canada"
YL176,YL176,Cervus elaphus,2017-03-01 02:01:00.000,,adult,f,ssp. canadensis,collar,YL176,none,"Banff National Park, Canada"
YL174,YL174,Cervus elaphus,2017-03-02 00:00:00.000,,adult,f,ssp. canadensis,collar,YL174,none,"Banff National Park, Canada"
YL173,YL173,Cervus elaphus,2017-03-03 09:00:00.000,,adult,f,ssp. canadensis,collar,YL173,none,"Banff National Park, Canada"
YL179,YL179,Cervus elaphus,2017-03-03 09:00:00.000,,adult,f,ssp. canadensis,collar,YL179,none,"Banff National Park, Canada"
OR51_OR19,OR51_OR19,Cervus elaphus,2018-03-11 01:00:00.000,,adult,f,ssp. canadensis,collar,OR51_OR19,none,"Banff National Park, Canada"
YL181,YL181,Cervus elaphus,2018-03-14 09:00:00.000,,adult,f,ssp. canadensis,collar,YL181,none,"Banff National Park, Canada"
YL180,YL180,Cervus elaphus,2018-03-14 09:00:00.000,,adult,f,ssp. canadensis,collar,YL180,none,"Banff National Park, Canada"
YL185,YL185,Cervus elaphus,2018-03-15 11:00:00.000,,adult,f,ssp. canadensis,collar,YL185,none,"Banff National Park, Canada"
YL183,YL183,Cervus elaphus,2018-03-15 11:00:00.000,,adult,f,ssp. canadensis,collar,YL183,none,"Banff National Park, Canada"
YL184,YL184,Cervus elaphus,2018-03-15 11:00:00.000,,adult,f,ssp. canadensis,collar,YL184,none,"Banff National Park, Canada"
YL182,YL182,Cervus elaphus,2018-03-15 11:00:00.000,,adult,f,ssp. canadensis,collar,YL182,none,"Banff National Park, Canada"
YL186,YL186,Cervus elaphus,2018-03-18 04:00:00.000,,adult,f,ssp. canadensis,collar,YL186,none,"Banff National Park, Canada"
YL178,YL178,Cervus elaphus,2019-03-07 03:00:00.000,,adult,f,ssp. canadensis,collar,YL178,none,"Banff National Park, Canada"
YL177,YL177,Cervus elaphus,2019-03-07 03:00:00.000,,adult,f,ssp. canadensis,collar,YL177,none,"Banff National Park, Canada"
YL187,YL187,Cervus elaphus,2019-03-09 07:00:00.000,,adult,f,ssp. canadensis,collar,YL187,none,"Banff National Park, Canada"
YL190,YL190,Cervus elaphus,2019-03-09 07:00:00.000,,adult,f,ssp. canadensis,collar,YL190,none,"Banff National Park, Canada"
YL195,YL195,Cervus elaphus,2019-03-10 03:00:00.000,,adult,f,ssp. canadensis,collar,YL195,none,"Banff National Park, Canada"
OR24,OR24,Cervus elaphus,2019-03-10 03:00:00.000,,adult,f,ssp. canadensis,collar,OR24,none,"Banff National Park, Canada"
YL188,YL188,Cervus elaphus,2019-03-10 03:00:00.000,,adult,f,ssp. canadensis,collar,YL188,none,"Banff National Park, Canada"
YL191_YX14,YL191_YX14,Cervus elaphus,2019-03-10 03:00:00.000,,adult,f,ssp. canadensis,collar,YL191_YX14,none,"Banff National Park, Canada"
YL192,YL192,Cervus elaphus,2019-03-10 03:01:00.000,,adult,f,ssp. canadensis,collar,YL192,none,"Banff National Park, Canada"
YL196,YL196,Cervus elaphus,2019-03-10 12:00:00.000,,adult,f,ssp. canadensis,collar,YL196,none,"Banff National Park, Canada"
YL189,YL189,Cervus elaphus,2019-03-10 16:00:00.000,,adult,f,ssp. canadensis,collar,YL189,none,"Banff National Park, Canada"
YL197,YL197,Cervus elaphus,2019-03-10 16:01:00.000,,adult,f,ssp. canadensis,collar,YL197,none,"Banff National Park, Canada"
YL194,YL194,Cervus elaphus,2019-03-11 01:00:00.000,,adult,f,ssp. canadensis,collar,YL194,none,"Banff National Park, Canada"
YL193,YL193,Cervus elaphus,2019-03-11 18:00:00.000,,adult,f,ssp. canadensis,collar,YL193,none,"Banff National Park, Canada"
YL198,YL198,Cervus elaphus,2019-03-12 07:01:00.000,,adult,f,ssp. canadensis,collar,YL198,none,"Banff National Park, Canada"
YL199,YL199,Cervus elaphus,2020-02-26 10:00:00.000,,adult,f,ssp. canadensis,collar,YL199,none,"Banff National Park, Canada"
YL200,YL200,Cervus elaphus,2020-02-27 12:00:00.000,,adult,f,ssp. canadensis,collar,YL200,none,"Banff National Park, Canada"
YL201,YL201,Cervus elaphus,2020-02-27 12:00:00.000,,adult,f,ssp. canadensis,collar,YL201,none,"Banff National Park, Canada"
YL202,YL202,Cervus elaphus,2020-02-27 12:00:00.000,,adult,f,ssp. canadensis,collar,YL202,none,"Banff National Park, Canada"
YL204,YL204,Cervus elaphus,2020-02-28 01:00:00.000,,adult,f,ssp. canadensis,collar,YL204,none,"Banff National Park, Canada"
YL203,YL203,Cervus elaphus,2020-02-28 04:00:00.000,,adult,f,ssp. canadensis,collar,YL203,none,"Banff National Park, Canada"
YL207,YL207,Cervus elaphus,2020-02-29 03:00:00.000,,adult,f,ssp. canadensis,collar,YL207,none,"Banff National Park, Canada"
YL206,YL206,Cervus elaphus,2020-02-29 03:00:00.000,,adult,f,ssp. canadensis,collar,YL206,none,"Banff National Park, Canada"
YL208,YL208,Cervus elaphus,2020-02-29 03:00:00.000,,adult,f,ssp. canadensis,collar,YL208,none,"Banff National Park, Canada"
YL205,YL205,Cervus elaphus,2020-02-29 03:00:00.000,,adult,f,ssp. canadensis,collar,YL205,none,"Banff National Park, Canada"
YL210,YL210,Cervus elaphus,2020-03-01 01:00:00.000,,adult,f,ssp. canadensis,collar,YL210,none,"Banff National Park, Canada"
YL209,YL209,Cervus elaphus,2020-03-01 02:00:00.000,,adult,f,ssp. canadensis,collar,YL209,none,"Banff National Park, Canada"
YL211,YL211,Cervus elaphus,2021-03-02 09:00:00.000,,adult,f,ssp. canadensis,collar,YL211,none,"Banff National Park, Canada"
YL213/GI,YL213/GI,Cervus elaphus,2021-03-02 12:00:00.000,,adult,f,ssp. canadensis,collar,YL213/GI,none,"Banff National Park, Canada"
YL212,YL212,Cervus elaphus,2021-03-03 01:00:00.000,,adult,f,ssp. canadensis,collar,YL212,none,"Banff National Park, Canada"
YL214,YL214,Cervus elaphus,2021-03-03 11:00:00.000,,adult,f,ssp. canadensis,collar,YL214,none,"Banff National Park, Canada"
YL217,YL217,Cervus elaphus,2021-03-04 00:00:00.000,,adult,f,ssp. canadensis,collar,YL217,none,"Banff National Park, Canada"
YL215,YL215,Cervus elaphus,2021-03-04 00:00:00.000,,adult,f,ssp. canadensis,collar,YL215,none,"Banff National Park, Canada"
YL216,YL216,Cervus elaphus,2021-03-04 00:00:00.000,,adult,f,ssp. canadensis,collar,YL216,none,"Banff National Park, Canada"
YL218,YL218,Cervus elaphus,2021-03-05 02:00:00.000,,adult,f,ssp. canadensis,collar,YL218,none,"Banff National Park, Canada"
YL220,YL220,Cervus elaphus,2021-03-05 05:00:00.000,,adult,f,ssp. canadensis,collar,YL220,none,"Banff National Park, Canada"
YL219/CI,YL219/CI,Cervus elaphus,2021-03-05 05:00:00.000,,adult,f,ssp. canadensis,collar,YL219/CI,none,"Banff National Park, Canada"
YL223,YL223,Cervus elaphus,2022-03-02 01:00:00.000,,adult,f,ssp. canadensis,collar,YL223,none,"Banff National Park, Canada"
YL226,YL226,Cervus elaphus,2022-03-03 01:00:00.000,,adult,f,ssp. canadensis,collar,YL226,none,"Banff National Park, Canada"
YL222,YL222,Cervus elaphus,2022-03-03 01:00:00.000,,adult,f,ssp. canadensis,collar,YL222,none,"Banff National Park, Canada"
YL224,YL224,Cervus elaphus,2022-03-03 01:00:00.000,,adult,f,ssp. canadensis,collar,YL224,none,"Banff National Park, Canada"
YL221,YL221,Cervus elaphus,2022-03-03 01:00:00.000,,adult,f,ssp. canadensis,collar,YL221,none,"Banff National Park, Canada"
YL191/X,YL191/X,Cervus elaphus,2022-03-03 03:00:00.000,,adult,f,ssp. canadensis,collar,YL191/X,none,"Banff National Park, Canada"
YL225,YL225,Cervus elaphus,2022-03-04 01:00:00.000,,adult,f,ssp. canadensis,collar,YL225,none,"Banff National Park, Canada"
YL227/J,YL227/J,Cervus elaphus,2022-03-04 01:00:00.000,,adult,f,ssp. canadensis,collar,YL227/J,none,"Banff National Park, Canada"
YL230,YL230,Cervus elaphus,2022-03-05 01:00:00.000,,adult,f,ssp. canadensis,collar,YL230,none,"Banff National Park, Canada"
YL228,YL228,Cervus elaphus,2022-03-05 01:00:00.000,,adult,f,ssp. canadensis,collar,YL228,none,"Banff National Park, Canada"
YL229,YL229,Cervus elaphus,2022-03-05 01:00:00.000,,adult,f,ssp. canadensis,collar,YL229,none,"Banff National Park, Canada"
YL231,YL231,Cervus elaphus,2022-03-05 04:00:00.000,,adult,f,ssp. canadensis,collar,YL231,none,"Banff National Park, Canada"
YL234,YL234,Cervus elaphus,2022-03-06 06:00:00.000,,adult,f,ssp. canadensis,collar,YL234,none,"Banff National Park, Canada"
YL232,YL232,Cervus elaphus,2022-03-06 06:00:00.000,,adult,f,ssp. canadensis,collar,YL232,none,"Banff National Park, Canada"
YL233,YL233,Cervus elaphus,2022-03-06 06:00:00.000,,adult,f,ssp. canadensis,collar,YL233,none,"Banff National Park, Canada"
YL235,YL235,Cervus elaphus,2022-03-07 08:00:00.000,,adult,f,ssp. canadensis,collar,YL235,none,"Banff National Park, Canada"
YL239,YL239,Cervus elaphus,2023-02-28 01:00:00.000,,adult,f,ssp. canadensis,collar,YL239,none,"Banff National Park, Canada"
YL237,YL237,Cervus elaphus,2023-03-01 01:00:00.000,,adult,f,ssp. canadensis,collar,YL237,none,"Banff National Park, Canada"
YL236,YL236,Cervus elaphus,2023-03-02 01:00:00.000,,adult,f,ssp. canadensis,collar,YL236,none,"Banff National Park, Canada"
YL240,YL240,Cervus elaphus,2023-03-02 01:00:00.000,,adult,f,ssp. canadensis,collar,YL240,none,"Banff National Park, Canada"
YL238,YL238,Cervus elaphus,2023-03-02 01:00:00.000,,adult,f,ssp. canadensis,collar,YL238,none,"Banff National Park, Canada"
